"id","playlist_id","song_id","sort_order","added_at"
"1","1","1","1","4/2/2026 10:41:42"
"2","1","2","2","4/2/2026 10:41:42"
"3","1","5","3","4/2/2026 10:41:42"
"4","1","6","4","4/2/2026 10:41:42"
"5","1","8","5","4/2/2026 10:41:42"
"6","1","10","6","4/2/2026 10:41:42"
"7","1","16","7","4/2/2026 10:41:42"
"8","1","22","8","4/2/2026 10:41:42"
"9","2","3","1","4/2/2026 10:41:42"
"10","2","7","2","4/2/2026 10:41:42"
"11","2","9","3","4/2/2026 10:41:42"
"12","2","11","4","4/2/2026 10:41:42"
"13","2","14","5","4/2/2026 10:41:42"
"14","2","20","6","4/2/2026 10:41:42"
"15","3","1","1","4/2/2026 10:41:42"
"16","3","3","2","4/2/2026 10:41:42"
"17","3","8","3","4/2/2026 10:41:42"
"18","3","10","4","4/2/2026 10:41:42"
"19","3","16","5","4/2/2026 10:41:42"
"20","3","18","6","4/2/2026 10:41:42"
"21","3","22","7","4/2/2026 10:41:42"
"22","4","5","1","4/2/2026 10:41:42"
"23","4","6","2","4/2/2026 10:41:42"
"24","4","17","3","4/2/2026 10:41:42"
"25","4","19","4","4/2/2026 10:41:42"
"26","4","21","5","4/2/2026 10:41:42"
